aid,title,more_info,Class,Aids or not,publication_date,source_name,country,extracted_organizations,extracted_locations,url
2.02E+16,Forthcoming U.N. Meeting Urged to Help End Conflict in Congo,Forthcoming U.N. Meeting Urged to Help End Conflict in Congo U.N. Security Council|DRC|United Nations|Union for Democracy and Social Progress|UDSP|African National Congress|U.N.|Union for Democracy|Social Progress|Opposition|Rebels|South African|African|Zambian,Conflict,,2000-01-11T00:00:00Z,BulkLexisNexis,"Democratic Republic of the Congo|Republic of South Africa, South Africa|United States",U.N. Security Council|DRC|United Nations|Union for Democracy and Social Progress|UDSP|African National Congress|U.N.|Union for Democracy|Social Progress|Opposition|Rebels|South African|African|Zambian,U.S.|DRC|South Africa|Democratic Republic of the Congo|Lusaka,https://advance.lexis.com/api/document?collection=News&id=urn:contentItem:3Y9K-SHH0-00RC-91P9-00000-00&context=1516831
2.02E+16,International Film Festival Opens In India,International Film Festival Opens In India IFFI|International Film Festival of India|Information and Broadcasting|American Indian,Entertainment,,2000-01-11T00:00:00Z,BulkLexisNexis,"Republic of India, India",IFFI|International Film Festival of India|Information and Broadcasting|American Indian,India,https://advance.lexis.com/api/document?collection=News&id=urn:contentItem:3Y9K-SHH0-00RC-91RK-00000-00&context=1516831
2.02E+16,Samaranch to Meet with Swiss Ministers,Samaranch to Meet with Swiss Ministers Ogi|Sion|International Olympic Committee|European Union|IOC|Italian|European|Swiss,Politics,,2000-01-11T00:00:00Z,BulkLexisNexis,Switzerland,Ogi|Sion|International Olympic Committee|European Union|IOC|Italian|European|Swiss,Bern|Turin|Olympic Museum|Lausanne|Switzerland,https://advance.lexis.com/api/document?collection=News&id=urn:contentItem:3Y9K-SHJ0-00RC-91VD-00000-00&context=1516831
2.02E+16,South African Miners Trapped Underground,South African Miners Trapped Underground African Press Association|African Rainbow Minerals|South African|African,Local,,2000-01-11T00:00:00Z,BulkLexisNexis,,African Press Association|African Rainbow Minerals|South African|African,North West Province|Orkney,https://advance.lexis.com/api/document?collection=News&id=urn:contentItem:3Y9K-SHJ0-00RC-91VX-00000-00&context=1516831
2.02E+16,10 Banks in Indonesia to be Merged,"10 Banks in Indonesia to be Merged Bank Danamon|Bank PDFCI and Bank Tiara|CAR|Antara News Agency|Bank PDFCI , Bank Nusa Nasional , Bank Tiara , Bank Rama , Bank Pos , Bank Duta , Bank Tamara , Bank Risjad Salim Internasional and Bank Jaya|Bank Indonesia|IBRA|Ministry of Law and Legal Affairs|Indonesian Bank Restructuring Agency|International Monetary Fund|Indonesian Capital Market Supervisory Agency|Indonesian",Economy,,2000-01-11T00:00:00Z,BulkLexisNexis,United States,"Bank Danamon|Bank PDFCI and Bank Tiara|CAR|Antara News Agency|Bank PDFCI , Bank Nusa Nasional , Bank Tiara , Bank Rama , Bank Pos , Bank Duta , Bank Tamara , Bank Risjad Salim Internasional and Bank Jaya|Bank Indonesia|IBRA|Ministry of Law and Legal Affairs|Indonesian Bank Restructuring Agency|International Monetary Fund|Indonesian Capital Market Supervisory Agency|Indonesian",U.S.|IBRA,https://advance.lexis.com/api/document?collection=News&id=urn:contentItem:3Y9T-RHG0-00RC-91Y5-00000-00&context=1516831
2.02E+16,1st Purely Online Banking-Brokerage Company Approved in U.S.,1st Purely Online Banking-Brokerage Company Approved in U.S. U.S. Federal|Telebanc Financial Corp.|Office of Thrift Supervision|ETrade Group Inc.|Website|Loan Inc.|ETrade|Telebanc for,Economy,,2000-01-11T00:00:00Z,BulkLexisNexis,,U.S. Federal|Telebanc Financial Corp.|Office of Thrift Supervision|ETrade Group Inc.|Website|Loan Inc.|ETrade|Telebanc for,,https://advance.lexis.com/api/document?collection=News&id=urn:contentItem:3Y9T-RHG0-00RC-91Y6-00000-00&context=1516831
2.02E+16,Adams Calls for Continued U.S. Support for N.Irish peace,Adams Calls for Continued U.S. Support for N.Irish peace IRA|Sinn Fein|Irish Republican Army|British|Republican Army,Conflict,,2000-01-11T00:00:00Z,BulkLexisNexis,"United Kingdom of Great Britain and Northern Ireland, United Kingdom|United States",IRA|Sinn Fein|Irish Republican Army|British|Republican Army,U.S.|Belfast|Britain|Northern Ireland|Washington,https://advance.lexis.com/api/document?collection=News&id=urn:contentItem:3Y9T-RHG0-00RC-91Y8-00000-00&context=1516831
2.02E+16,Albanian Police Seize Large Quantity of Marijuana,Albanian Police Seize Large Quantity of Marijuana Albanian,Local,,2000-01-11T00:00:00Z,BulkLexisNexis,"Hellenic Republic, Greece",Albanian,Greece|Kapshtica,https://advance.lexis.com/api/document?collection=News&id=urn:contentItem:3Y9T-RHG0-00RC-91Y9-00000-00&context=1516831
2.02E+16,Algerian President Pardons Militant Islamic Group,Algerian President Pardons Militant Islamic Group Civil Reconciliation Law|Islamic Salvation Army|AIS|Islamic Salvation Front|Islamic Front For Salvation|Algerian|Militants|African,Conflict,,2000-01-11T00:00:00Z,BulkLexisNexis,,Civil Reconciliation Law|Islamic Salvation Army|AIS|Islamic Salvation Front|Islamic Front For Salvation|Algerian|Militants|African,,https://advance.lexis.com/api/document?collection=News&id=urn:contentItem:3Y9T-RHG0-00RC-91YB-00000-00&context=1516831
2.02E+16,All 10 on Board Swiss Crossair Saab-340 Killed in Crash,All 10 on Board Swiss Crossair Saab-340 Killed in Crash Crossair|Swiss Radio International|French|Swiss,Conflict,,2000-01-11T00:00:00Z,BulkLexisNexis,"Federal Republic of Germany, Germany",Crossair|Swiss Radio International|French|Swiss,Dresden|Zurich|Kloten|Germany,https://advance.lexis.com/api/document?collection=News&id=urn:contentItem:3Y9T-RHG0-00RC-91YC-00000-00&context=1516831
2.02E+16,American Qualifer Scores Upset in New Zealand,American Qualifer Scores Upset in New Zealand American|Czech|Gorani,Entertainment,,2000-01-11T00:00:00Z,BulkLexisNexis,"Republic of Croatia, Croatia|Czechia|Kingdom of Sweden, Sweden|Kingdom of the Netherlands, Netherlands|New Zealand",American|Czech|Gorani,New Zealand|Netherlands|Sweden|Czech Republic|Auckland|Croatia,https://advance.lexis.com/api/document?collection=News&id=urn:contentItem:3Y9T-RHG0-00RC-91YD-00000-00&context=1516831
2.02E+16,Annan Meets Security Council on Candidates For Chairman of UNMOVIC,"Annan Meets Security Council on Candidates For Chairman of UNMOVIC United Nations Security Council|Security Council|United Nations Monitoring , Verification and Inspection Commission|United Nations Special Commission|UNMOVIC|UNSCOM|U.N.|United Nations",Politics,,2000-01-11T00:00:00Z,BulkLexisNexis,"Russian Federation, Russia|Republic of France, France|Republic of Iraq, Iraq|United Kingdom of Great Britain and Northern Ireland, United Kingdom|People's Republic of China, China|United States","United Nations Security Council|Security Council|United Nations Monitoring , Verification and Inspection Commission|United Nations Special Commission|UNMOVIC|UNSCOM|U.N.|United Nations",U.S.|United States|China|Britain|Iraq|France|Russia,https://advance.lexis.com/api/document?collection=News&id=urn:contentItem:3Y9T-RHG0-00RC-91YF-00000-00&context=1516831
2.02E+16,Argentine Stocks Down,Argentine Stocks Down Buenos Aires Exchange|Argentine,Economy,,2000-01-11T00:00:00Z,BulkLexisNexis,United States,Buenos Aires Exchange|Argentine,U.S.,https://advance.lexis.com/api/document?collection=News&id=urn:contentItem:3Y9T-RHG0-00RC-91YG-00000-00&context=1516831
2.02E+16,Article on Cyprus by Senior Greek Official Draws Criticism,Article on Cyprus by Senior Greek Official Draws Criticism EDEK|Democratic Rally|U.N.|Opposition|Cypriot|Greek,Local,,2000-01-11T00:00:00Z,BulkLexisNexis,"Republic of Cyprus, Cyprus|Hellenic Republic, Greece",EDEK|Democratic Rally|U.N.|Opposition|Cypriot|Greek,Greece|Turkey|Cyprus|Athens,https://advance.lexis.com/api/document?collection=News&id=urn:contentItem:3Y9T-RHG0-00RC-91YH-00000-00&context=1516831
2.02E+16,Australian Dollar Closes Fractionally down,Australian Dollar Closes Fractionally down Australian|Japanese,Economy,,2000-01-11T00:00:00Z,BulkLexisNexis,United States,Australian|Japanese,U.S.,https://advance.lexis.com/api/document?collection=News&id=urn:contentItem:3Y9T-RHG0-00RC-91YJ-00000-00&context=1516831
2.02E+16,Australian Share Market Gallops to Record High,Australian Share Market Gallops to Record High Westpac|Commonwhealth|America Online Inc|Time Warner|News Corp. The News Corp|ANZ|NAB|Australian|Temne,Economy,,2000-01-11T00:00:00Z,BulkLexisNexis,United States,Westpac|Commonwhealth|America Online Inc|Time Warner|News Corp. The News Corp|ANZ|NAB|Australian|Temne,U.S.,https://advance.lexis.com/api/document?collection=News&id=urn:contentItem:3Y9T-RHG0-00RC-91YK-00000-00&context=1516831
2.02E+16,Bangkok Rubber Prices,Bangkok Rubber Prices ,Economy,,2000-01-11T00:00:00Z,BulkLexisNexis,,,Bangkok|U.S,https://advance.lexis.com/api/document?collection=News&id=urn:contentItem:3Y9T-RHG0-00RC-91YM-00000-00&context=1516831
2.02E+16,"Bangladesh, Myanmar to Discuss Refugee Issue","Bangladesh, Myanmar to Discuss Refugee Issue BSS|Home Ministry|Bazar|Foreign Ministry|Relief Ministry|Bangladeshi",Politics,,2000-01-11T00:00:00Z,BulkLexisNexis,"Bangladesh|Union of Burma, Myanmar",BSS|Home Ministry|Bazar|Foreign Ministry|Relief Ministry|Bangladeshi,Myanmar|Bangladesh|Arakan|Yangon|Bandarban,https://advance.lexis.com/api/document?collection=News&id=urn:contentItem:3Y9T-RHG0-00RC-91YN-00000-00&context=1516831
2.02E+16,Barak Returns to Israel to Face Stiff Opposition,Barak Returns to Israel to Face Stiff Opposition Golan Residents Committee|Yisrael Ba'aliya|Construction and Housing|Israeli|American|Opposition|Syrian,Politics,,2000-01-11T00:00:00Z,BulkLexisNexis,"Syrian Arab Republic, Syria|State of Israel, Israel|United States|Lebanon",Golan Residents Committee|Yisrael Ba'aliya|Construction and Housing|Israeli|American|Opposition|Syrian,Lebanon|Golan Heights|Tel Aviv|Rabin Square|U.S.|United States|Israel|Golan|Syria,https://advance.lexis.com/api/document?collection=News&id=urn:contentItem:3Y9T-RHG0-00RC-91YP-00000-00&context=1516831
2.02E+16,Beijing is Becoming Cleaner,Beijing is Becoming Cleaner State Environmental Protection Administration|Eighth Municipal Committee|SEPA|Beijing Evening News|Communist Party,Local,,2000-01-11T00:00:00Z,BulkLexisNexis,,State Environmental Protection Administration|Eighth Municipal Committee|SEPA|Beijing Evening News|Communist Party,Beijing,https://advance.lexis.com/api/document?collection=News&id=urn:contentItem:3Y9T-RHG0-00RC-91YR-00000-00&context=1516831
2.02E+16,Beijing to Get Tough on Unlawful Officials,Beijing to Get Tough on Unlawful Officials Xinhua|Chinese,Local,,2000-01-11T00:00:00Z,BulkLexisNexis,United States,Xinhua|Chinese,Beijing|U.S.,https://advance.lexis.com/api/document?collection=News&id=urn:contentItem:3Y9T-RHG0-00RC-91YS-00000-00&context=1516831
2.02E+16,Britain Says Pinochet May Not be Fit For Trial: BBC,Britain Says Pinochet May Not be Fit For Trial: BBC BBC|Home Office|Teletext|British|Chilean|Spanish,Local,,2000-01-11T00:00:00Z,BulkLexisNexis,"Kingdom of Spain, Spain",BBC|Home Office|Teletext|British|Chilean|Spanish,Spain,https://advance.lexis.com/api/document?collection=News&id=urn:contentItem:3Y9T-RHG0-00RC-91YT-00000-00&context=1516831
2.02E+16,British Boxing Board Reject Criticism Over Jones Issue,British Boxing Board Reject Criticism Over Jones Issue WBO|British Boxing Board of Control|British|Migrants Rights International,Local,,2000-01-11T00:00:00Z,BulkLexisNexis,,WBO|British Boxing Board of Control|British|Migrants Rights International,,https://advance.lexis.com/api/document?collection=News&id=urn:contentItem:3Y9T-RHG0-00RC-91YV-00000-00&context=1516831
2.02E+16,CAS Students Receive Scholarships,CAS Students Receive Scholarships Chinese Academy of Sciences|CAS|Institute of Applied Mathematics of the CAS|Chinese,Local,,2000-01-11T00:00:00Z,BulkLexisNexis,,Chinese Academy of Sciences|CAS|Institute of Applied Mathematics of the CAS|Chinese,,https://advance.lexis.com/api/document?collection=News&id=urn:contentItem:3Y9T-RHG0-00RC-91YW-00000-00&context=1516831
2.02E+16,COMESA to Decide Tariff Itself,COMESA to Decide Tariff Itself Eastern and Southern Africa|COMESA|CET|The Common Market|Zambia Daily Mail,Economy,,2000-01-11T00:00:00Z,BulkLexisNexis,,Eastern and Southern Africa|COMESA|CET|The Common Market|Zambia Daily Mail,,https://advance.lexis.com/api/document?collection=News&id=urn:contentItem:3Y9T-RHG0-00RC-91YX-00000-00&context=1516831
2.02E+16,"CPPCC Delegation Leaves for Thailand, Cambodia","CPPCC Delegation Leaves for Thailand, Cambodia Cambodian National Assembly|Senate|CPPCC|CPPCC National Committee|Cambodian|Chinese|Thai",Politics,,2000-01-11T00:00:00Z,BulkLexisNexis,"Kingdom of Thailand, Thailand|Kingdom of Cambodia, Cambodia",Cambodian National Assembly|Senate|CPPCC|CPPCC National Committee|Cambodian|Chinese|Thai,Cambodia|Thailand,https://advance.lexis.com/api/document?collection=News&id=urn:contentItem:3Y9T-RHG0-00RC-91YY-00000-00&context=1516831
2.02E+16,CPPCC Vice-Chairman Meets Hong Kong Delegation,CPPCC Vice-Chairman Meets Hong Kong Delegation Communist Party of China Central Committee|CPPCC|National Committee|United Front Work Department|Communist|Hong Konger|Chinese|Dungan,Politics,,2000-01-11T00:00:00Z,BulkLexisNexis,"People's Republic of China, China|Hong Kong Special Administrative Region, Hong Kong",Communist Party of China Central Committee|CPPCC|National Committee|United Front Work Department|Communist|Hong Konger|Chinese|Dungan,Hong Kong|China,https://advance.lexis.com/api/document?collection=News&id=urn:contentItem:3Y9T-RHG0-00RC-9200-00000-00&context=1516831
2.02E+16,Canada Announces 1.5 Mln U.S. Dlrs in Food Aid to Cambodia,Canada Announces 1.5 Mln U.S. Dlrs in Food Aid to Cambodia World Food Program|Canadian International Development Agency|International Cooperation|Canadian,Economy,1,2000-01-11T00:00:00Z,BulkLexisNexis,"Kingdom of Cambodia, Cambodia|United States",World Food Program|Canadian International Development Agency|International Cooperation|Canadian,Canada|Southeast Asia|U.S.|Cambodia,https://advance.lexis.com/api/document?collection=News&id=urn:contentItem:3Y9T-RHG0-00RC-9203-00000-00&context=1516831
2.02E+16,Canadian Body Rules Sikh Boxer can Keep Beard,Canadian Body Rules Sikh Boxer can Keep Beard AIBA|Nagra|Amateur International Boxing Association|Sikh|Canadian,Entertainment,,2000-01-11T00:00:00Z,BulkLexisNexis,,AIBA|Nagra|Amateur International Boxing Association|Sikh|Canadian,Canada|Ontario,https://advance.lexis.com/api/document?collection=News&id=urn:contentItem:3Y9T-RHG0-00RC-9204-00000-00&context=1516831
2.02E+16,Chengdu to Host Folk Art Exhibition in April,Chengdu to Host Folk Art Exhibition in April China Association of Folk Artists|China Federation of Literary and Art Circles|Chinese,Entertainment,,2000-01-11T00:00:00Z,BulkLexisNexis,"People's Republic of China, China",China Association of Folk Artists|China Federation of Literary and Art Circles|Chinese,Sichuan Federation of Literary|Sichuan Province|Chengdu|China|Sichuan Museum,https://advance.lexis.com/api/document?collection=News&id=urn:contentItem:3Y9T-RHG0-00RC-9205-00000-00&context=1516831
2.02E+16,China Actively Preparing for Spring Festival Season Travel,China Actively Preparing for Spring Festival Season Travel Ministry of Communications|Civil Aviation Administration of China|Lunar New Year Festival|CAAC|Ministry of Railways,Entertainment,,2000-01-11T00:00:00Z,BulkLexisNexis,"People's Republic of China, China",Ministry of Communications|Civil Aviation Administration of China|Lunar New Year Festival|CAAC|Ministry of Railways,China,https://advance.lexis.com/api/document?collection=News&id=urn:contentItem:3Y9T-RHG0-00RC-9206-00000-00&context=1516831
2.02E+16,China Concerned over Expulsion of Boats by Philippine Military,China Concerned over Expulsion of Boats by Philippine Military Foreign Ministry|Chinese,Conflict,,2000-01-11T00:00:00Z,BulkLexisNexis,"People's Republic of China, China",Foreign Ministry|Chinese,China|Huangyan Island,https://advance.lexis.com/api/document?collection=News&id=urn:contentItem:3Y9T-RHG0-00RC-9207-00000-00&context=1516831
2.02E+16,China Develops Potash Fertilizer Resources,China Develops Potash Fertilizer Resources Qinghai Yanhu Industrial Group,Economy,,2000-01-11T00:00:00Z,BulkLexisNexis,"People's Republic of China, China",Qinghai Yanhu Industrial Group,China|Qinghai Province|Qinghai|Qaidam Basin,https://advance.lexis.com/api/document?collection=News&id=urn:contentItem:3Y9T-RHG0-00RC-9208-00000-00&context=1516831
2.02E+16,China Discovers Genetic Makeup of Fatal Prawn Virus,China Discovers Genetic Makeup of Fatal Prawn Virus No. 3 Institute|Ministry of Science and Technology|State Oceanic Administration|Fujian Provincial Government|State Human Genome Northern Center|Chinese Academy of Engineering|Pacific Islander|Chinese,Local,,2000-01-11T00:00:00Z,BulkLexisNexis,"People's Republic of China, China",No. 3 Institute|Ministry of Science and Technology|State Oceanic Administration|Fujian Provincial Government|State Human Genome Northern Center|Chinese Academy of Engineering|Pacific Islander|Chinese,Asia|China,https://advance.lexis.com/api/document?collection=News&id=urn:contentItem:3Y9T-RHG0-00RC-9209-00000-00&context=1516831
2.02E+16,China Doubles Newspaper Groups,China Doubles Newspaper Groups Yangcheng Evening News Group|Guangming Daily Group|State Press|Wenhui|Beijing Daily Group|Harbin Daily Group|Xinmin Group|Guangzhou Daily Group|Dazhong Newspaper Group|Shenyang Daily Group|Nanfang Daily Group|Publication Administration|Jiefang Daily Group|Shenzhen Newspaper Group|Sichuan Daily Group|Liaoning Daily Group|Zhejiang Daily Group|Economic Daily Group,Economy,,2000-01-11T00:00:00Z,BulkLexisNexis,"People's Republic of China, China",Yangcheng Evening News Group|Guangming Daily Group|State Press|Wenhui|Beijing Daily Group|Harbin Daily Group|Xinmin Group|Guangzhou Daily Group|Dazhong Newspaper Group|Shenyang Daily Group|Nanfang Daily Group|Publication Administration|Jiefang Daily Group|Shenzhen Newspaper Group|Sichuan Daily Group|Liaoning Daily Group|Zhejiang Daily Group|Economic Daily Group,China,https://advance.lexis.com/api/document?collection=News&id=urn:contentItem:3Y9T-RHG0-00RC-920B-00000-00&context=1516831
2.02E+16,China Initiates Website for Copyright Protection,China Initiates Website for Copyright Protection China Copyright Protection Center|National People 's Congress Standing Committee,Economy,,2000-01-11T00:00:00Z,BulkLexisNexis,"People's Republic of China, China",China Copyright Protection Center|National People 's Congress Standing Committee,China,https://advance.lexis.com/api/document?collection=News&id=urn:contentItem:3Y9T-RHG0-00RC-920C-00000-00&context=1516831
2.02E+16,China Insurer Reports Excellent Performance In 1999,China Insurer Reports Excellent Performance In 1999 Standard & Poor's|China Pacific Insurance Company|China Pacific Insurance Co.,Local,,2000-01-11T00:00:00Z,BulkLexisNexis,"People's Republic of China, China",Standard & Poor's|China Pacific Insurance Company|China Pacific Insurance Co.,Shanghai|China,https://advance.lexis.com/api/document?collection=News&id=urn:contentItem:3Y9T-RHG0-00RC-920D-00000-00&context=1516831
2.02E+16,"China Mounts Fight Against Pirated Audio, Video Publications","China Mounts Fight Against Pirated Audio, Video Publications Chinese Ministry of Culture|General Administration of Customs|Zhuang|Chinese",Entertainment,,2000-01-11T00:00:00Z,BulkLexisNexis,"People's Republic of China, China",Chinese Ministry of Culture|General Administration of Customs|Zhuang|Chinese,Nanning|China|Guangxi Zhuang Autonomous Region,https://advance.lexis.com/api/document?collection=News&id=urn:contentItem:3Y9T-RHG0-00RC-920F-00000-00&context=1516831
2.02E+16,China To Join U.N. Peace Mission In East Timor,China To Join U.N. Peace Mission In East Timor Chinese Ministry of Public Security|U.N. Security Council|United Nations|U.N. Charter|United Nations Transitional Administration|U.N.|Chinese,Politics,,2000-01-11T00:00:00Z,BulkLexisNexis,"Democratic Republic of Timor-Leste, East Timor|People's Republic of China, China",Chinese Ministry of Public Security|U.N. Security Council|United Nations|U.N. Charter|United Nations Transitional Administration|U.N.|Chinese,Beijing|China|East Timor|Timor,https://advance.lexis.com/api/document?collection=News&id=urn:contentItem:3Y9T-RHG0-00RC-920G-00000-00&context=1516831
2.02E+16,"China to Break Teachers' ""Iron Rice Bowl""","China to Break Teachers' ""Iron Rice Bowl"" Middle School|Beijing Municipal Education Bureau|Beijing No.|Chinese Ministry of Education|Chinese",Economy,,2000-01-11T00:00:00Z,BulkLexisNexis,"People's Republic of China, China",Middle School|Beijing Municipal Education Bureau|Beijing No.|Chinese Ministry of Education|Chinese,Beijing|Shandong Province|Qingdao|China,https://advance.lexis.com/api/document?collection=News&id=urn:contentItem:3Y9T-RHG0-00RC-920H-00000-00&context=1516831
2.02E+16,China to Build New Hydropower Project on Qingjiang River,China to Build New Hydropower Project on Qingjiang River State Development Planning Commission|Qingjiang River Hydropower Development Co. Ltd.|Shuibuya Hydropower Project|Shuibuya Project|Gaobazhou Hydropower Station,Economy,,2000-01-11T00:00:00Z,BulkLexisNexis,"People's Republic of China, China",State Development Planning Commission|Qingjiang River Hydropower Development Co. Ltd.|Shuibuya Hydropower Project|Shuibuya Project|Gaobazhou Hydropower Station,Shuibuya|Three Gorges|Geheyan Hydropower Station|Shuibuya Hydropower Station|China|Qingjiang River|Hubei Province|Yangtze River,https://advance.lexis.com/api/document?collection=News&id=urn:contentItem:3Y9T-RHG0-00RC-920J-00000-00&context=1516831
2.02E+16,China to Help Key State Firms Use IT,China to Help Key State Firms Use IT State Economic and Trade Commission|Ministry of Information Industry|SETC|China Daily|MII|Enterprise Computerization Project,Economy,,2000-01-11T00:00:00Z,BulkLexisNexis,,State Economic and Trade Commission|Ministry of Information Industry|SETC|China Daily|MII|Enterprise Computerization Project,,https://advance.lexis.com/api/document?collection=News&id=urn:contentItem:3Y9T-RHG0-00RC-920K-00000-00&context=1516831
2.02E+16,China to Host International Travel Mart,China to Host International Travel Mart CITM|National Tourism Administration|General Administration of Civil Aviation of China|Shanghai Municipal People 's Government|China International Travel Mart,Economy,,2000-01-11T00:00:00Z,BulkLexisNexis,"People's Republic of China, China",CITM|National Tourism Administration|General Administration of Civil Aviation of China|Shanghai Municipal People 's Government|China International Travel Mart,CITM|Shanghai|Asia|China|US,https://advance.lexis.com/api/document?collection=News&id=urn:contentItem:3Y9T-RHG0-00RC-920M-00000-00&context=1516831
2.02E+16,China to Improve Safety Control of expressways in Bad Weather,China to Improve Safety Control of expressways in Bad Weather Ministry of Public Security,Local,,2000-01-11T00:00:00Z,BulkLexisNexis,"People's Republic of China, China",Ministry of Public Security,China,https://advance.lexis.com/api/document?collection=News&id=urn:contentItem:3Y9T-RHG0-00RC-920N-00000-00&context=1516831
2.02E+16,China to Tighten Administration of Medical Equipment,China to Tighten Administration of Medical Equipment State Drug Administration|State Council|Administration and Supervision of Medical Equipment|Chinese,Local,,2000-01-11T00:00:00Z,BulkLexisNexis,,State Drug Administration|State Council|Administration and Supervision of Medical Equipment|Chinese,,https://advance.lexis.com/api/document?collection=News&id=urn:contentItem:3Y9T-RHG0-00RC-920P-00000-00&context=1516831
2.02E+16,China's Auto Sales Slump: Paper,China's Auto Sales Slump: Paper State Administration of Machinery Industry|WTO|China Daily|World Trade Organization|Asian,Economy,,2000-01-11T00:00:00Z,BulkLexisNexis,"People's Republic of China, China",State Administration of Machinery Industry|WTO|China Daily|World Trade Organization|Asian,Beijing|China,https://advance.lexis.com/api/document?collection=News&id=urn:contentItem:3Y9T-RHG0-00RC-920R-00000-00&context=1516831
2.02E+16,China's Largest Museum of Stone Carving Opens,China's Largest Museum of Stone Carving Opens Chinese|Han Chinese,Entertainment,,2000-01-11T00:00:00Z,BulkLexisNexis,"People's Republic of China, China",Chinese|Han Chinese,China|Henan Province|Nanyang,https://advance.lexis.com/api/document?collection=News&id=urn:contentItem:3Y9T-RHG0-00RC-920S-00000-00&context=1516831
2.02E+16,China's Tax Revenue Tops 1 Trillion Yuan in 1999,China's Tax Revenue Tops 1 Trillion Yuan in 1999 State Administration of Taxation|Information Office|State Council|Central Government,Economy,,2000-01-11T00:00:00Z,BulkLexisNexis,"People's Republic of China, China",State Administration of Taxation|Information Office|State Council|Central Government,China,https://advance.lexis.com/api/document?collection=News&id=urn:contentItem:3Y9T-RHG0-00RC-920T-00000-00&context=1516831
2.02E+16,"China, Nigeria Sign Memorandum of Understanding","China, Nigeria Sign Memorandum of Understanding Foreign Affairs Dubem Onyia|Chinese|Nigerian|African",Politics,,2000-01-11T00:00:00Z,BulkLexisNexis,"Federal Republic of Nigeria, Nigeria|Republic of Zimbabwe, Zimbabwe|Republic of Seychelles, Seychelles|Republic of Namibia, Namibia|People's Republic of China, China|Republic of Mozambique, Mozambique",Foreign Affairs Dubem Onyia|Chinese|Nigerian|African,Mozambique|China|Namibia|Seychelles|Zimbabwe|Nigeria,https://advance.lexis.com/api/document?collection=News&id=urn:contentItem:3Y9T-RHH0-00RC-920V-00000-00&context=1516831
2.02E+16,China-US Cable Network Nearly Ready for Service,China-US Cable Network Nearly Ready for Service China Telecom|Chinese|Basarwa|Asian,Economy,,2000-01-11T00:00:00Z,BulkLexisNexis,"Republic of Korea, South Korea|Taiwan|Japan|People's Republic of China, China|United States",China Telecom|Chinese|Basarwa|Asian,San Luis Obispo|Asian Pacific|U.S.|Asia|China|Japan|Taiwan|America|California|Republic of Korea,https://advance.lexis.com/api/document?collection=News&id=urn:contentItem:3Y9T-RHH0-00RC-920W-00000-00&context=1516831
2.02E+16,"Chinese Defense Leaves for U.K., Russia, ROK, Mongolia","Chinese Defense Leaves for U.K., Russia, ROK, Mongolia PLA Air Force|Shenyang Military Area Command|Central Military Commission|ROK National Defense|PLA|Defense Sharavdorjiin Tuvdendorj|Defense Ministry|PLA Navy|Foreign Affairs Office Luo Bin , and Deputy|PLA Beijing Military Area Command Zang Wenqing|British|Russian|Luo|Chinese|Mongol",Politics,,2000-01-11T00:00:00Z,BulkLexisNexis,"Russian Federation, Russia|Republic of Korea, South Korea|United Kingdom of Great Britain and Northern Ireland, United Kingdom|Mongolia","PLA Air Force|Shenyang Military Area Command|Central Military Commission|ROK National Defense|PLA|Defense Sharavdorjiin Tuvdendorj|Defense Ministry|PLA Navy|Foreign Affairs Office Luo Bin , and Deputy|PLA Beijing Military Area Command Zang Wenqing|British|Russian|Luo|Chinese|Mongol",Mongolia|United Kingdom|Republic of Korea|Russia,https://advance.lexis.com/api/document?collection=News&id=urn:contentItem:3Y9T-RHH0-00RC-920X-00000-00&context=1516831
2.02E+16,Chinese Defense Minister Arrives in London,"Chinese Defense Minister Arrives in London PLA Air Force|Shenyang Military Area Command|Central Military Commission|PLA|Defense Ministry|PLA Navy|Foreign Affairs Office Luo Bin , and Deputy|PLA Beijing Military Area Command Zang Wenqing|British|Luo|Chinese",Politics,,2000-01-11T00:00:00Z,BulkLexisNexis,"Russian Federation, Russia|Republic of Korea, South Korea|United Kingdom of Great Britain and Northern Ireland, United Kingdom|Mongolia","PLA Air Force|Shenyang Military Area Command|Central Military Commission|PLA|Defense Ministry|PLA Navy|Foreign Affairs Office Luo Bin , and Deputy|PLA Beijing Military Area Command Zang Wenqing|British|Luo|Chinese",Mongolia|London|United Kingdom|Britain|Republic of Korea|Russia,https://advance.lexis.com/api/document?collection=News&id=urn:contentItem:3Y9T-RHH0-00RC-920Y-00000-00&context=1516831
2.02E+16,"Chinese Legislator on Asia Pacific Politics, Security","Chinese Legislator on Asia Pacific Politics, Security National People 's Congress of China|United Nations Charter and|Foreign Affairs Committee|Asia Pacific Parliamentary Forum|APPF|Chinese|Korean|Asian|United Nations",Politics,,2000-01-11T00:00:00Z,BulkLexisNexis,"Democratic Republic of Timor-Leste, East Timor",National People 's Congress of China|United Nations Charter and|Foreign Affairs Committee|Asia Pacific Parliamentary Forum|APPF|Chinese|Korean|Asian|United Nations,Asia Pacific|Tokyo|East Timor|Korean Peninsula|Canberra|APPF,https://advance.lexis.com/api/document?collection=News&id=urn:contentItem:3Y9T-RHH0-00RC-9210-00000-00&context=1516831
2.02E+16,Chinese Vice-Premier Meets Japanese Guests,Chinese Vice-Premier Meets Japanese Guests State Development Planning Commission|Economic Planning Agency of Japan|Chinese|Asian,Politics,,2000-01-11T00:00:00Z,BulkLexisNexis,"Japan|People's Republic of China, China",State Development Planning Commission|Economic Planning Agency of Japan|Chinese|Asian,China|Japan,https://advance.lexis.com/api/document?collection=News&id=urn:contentItem:3Y9T-RHH0-00RC-9211-00000-00&context=1516831
2.02E+16,Chinese Vice-Premier Meets U.S. Businessman,Chinese Vice-Premier Meets U.S. Businessman Hauler Joint Stock Company Ltd|U.S. Terex Corporation|World Trade Organization|Chinese,Politics,,2000-01-11T00:00:00Z,BulkLexisNexis,"People's Republic of China, China",Hauler Joint Stock Company Ltd|U.S. Terex Corporation|World Trade Organization|Chinese,Inner Mongolia|China,https://advance.lexis.com/api/document?collection=News&id=urn:contentItem:3Y9T-RHH0-00RC-9212-00000-00&context=1516831
2.02E+16,Chinese Vice-Premier Meets U.S. Congressman,Chinese Vice-Premier Meets U.S. Congressman Chinese,Politics,,2000-01-11T00:00:00Z,BulkLexisNexis,United States,Chinese,U.S.,https://advance.lexis.com/api/document?collection=News&id=urn:contentItem:3Y9T-RHH0-00RC-9213-00000-00&context=1516831
2.02E+16,Chinese Vice-Premier Meets U.S. Guests,Chinese Vice-Premier Meets U.S. Guests National Council of the U.S.|China Relations|National Council of U.S.|Institute of Foreign Affairs|Chinese,Politics,,2000-01-11T00:00:00Z,BulkLexisNexis,"People's Republic of China, China|United States",National Council of the U.S.|China Relations|National Council of U.S.|Institute of Foreign Affairs|Chinese,U.S.|China,https://advance.lexis.com/api/document?collection=News&id=urn:contentItem:3Y9T-RHH0-00RC-9214-00000-00&context=1516831
2.02E+16,Civil Servants' Retirement Age Extension Demanded in Malaysia,Civil Servants' Retirement Age Extension Demanded in Malaysia MTUC|New Straits Times|Cabinet|Malaysian Trades Union Congress|CUEPACS|Malay,Local,,2000-01-11T00:00:00Z,BulkLexisNexis,Malaysia,MTUC|New Straits Times|Cabinet|Malaysian Trades Union Congress|CUEPACS|Malay,Malaysia,https://advance.lexis.com/api/document?collection=News&id=urn:contentItem:3Y9T-RHH0-00RC-9215-00000-00&context=1516831
2.02E+16,Clinton Plans to Spend More Money on National Missile Defense,Clinton Plans to Spend More Money on National Missile Defense NMD|Pentagon|Defense Department|National Missile Defense,Local,,2000-01-11T00:00:00Z,BulkLexisNexis,United States,NMD|Pentagon|Defense Department|National Missile Defense,U.S.|United States,https://advance.lexis.com/api/document?collection=News&id=urn:contentItem:3Y9T-RHH0-00RC-9216-00000-00&context=1516831
2.02E+16,Clinton Proposes $1.6 Billion in Aid to Colombia to Fight Drugs,Clinton Proposes $1.6 Billion in Aid to Colombia to Fight Drugs Colombian,Economy,1,2000-01-11T00:00:00Z,BulkLexisNexis,"United States|Republic of Colombia, Colombia",Colombian,Colombia|U.S.,https://advance.lexis.com/api/document?collection=News&id=urn:contentItem:3Y9T-RHH0-00RC-9217-00000-00&context=1516831
2.02E+16,"Colds, Flu Cut U.S. Blood Supply","Colds, Flu Cut U.S. Blood Supply ABC|Blood Centers|U.S. Centers for Disease Control|United Blood Services",Local,,2000-01-11T00:00:00Z,BulkLexisNexis,United States,ABC|Blood Centers|U.S. Centers for Disease Control|United Blood Services,New York|U.S.|America|California|Arizona|Pennsylvania,https://advance.lexis.com/api/document?collection=News&id=urn:contentItem:3Y9T-RHH0-00RC-9219-00000-00&context=1516831
2.02E+16,Congo Transitional Council Speaker to Visit China,Congo Transitional Council Speaker to Visit China National Transitional Council|Standing Committee|National People 's Congress|Foreign Ministry,Politics,,2000-01-11T00:00:00Z,BulkLexisNexis,"People's Republic of China, China",National Transitional Council|Standing Committee|National People 's Congress|Foreign Ministry,China|Republic of Congo,https://advance.lexis.com/api/document?collection=News&id=urn:contentItem:3Y9T-RHH0-00RC-921B-00000-00&context=1516831
2.02E+16,Corinthians Enter World Club Championships Final,Corinthians Enter World Club Championships Final Real Madrid|Corinthians|Brazilian,Entertainment,,2000-01-11T00:00:00Z,BulkLexisNexis,"Kingdom of Spain, Spain",Real Madrid|Corinthians|Brazilian,Spain,https://advance.lexis.com/api/document?collection=News&id=urn:contentItem:3Y9T-RHH0-00RC-921C-00000-00&context=1516831
2.02E+16,Court Ruling: Death Sentence for 13 Pirates Upheld,Court Ruling: Death Sentence for 13 Pirates Upheld Intermediate People 's Court of Shanwei|Intermediate People 's Court of Sanwei|Cheung Son|Guangdong Provincial Higher People 's Court|Singaporean|Indonesian|Chinese,Politics,,2000-01-11T00:00:00Z,BulkLexisNexis,"People's Republic of China, China|Republic of Singapore, Singapore",Intermediate People 's Court of Shanwei|Intermediate People 's Court of Sanwei|Cheung Son|Guangdong Provincial Higher People 's Court|Singaporean|Indonesian|Chinese,South China Sea|Singapore|Guangdong Province|China,https://advance.lexis.com/api/document?collection=News&id=urn:contentItem:3Y9T-RHH0-00RC-921D-00000-00&context=1516831
2.02E+16,Customs Revenue Hits 158 Billion Yuan in 1999,Customs Revenue Hits 158 Billion Yuan in 1999 GAC|Zhanjiang Customs Office|General Administration of Customs,Economy,,2000-01-11T00:00:00Z,BulkLexisNexis,"People's Republic of China, China|United States",GAC|Zhanjiang Customs Office|General Administration of Customs,U.S.|China,https://advance.lexis.com/api/document?collection=News&id=urn:contentItem:3Y9T-RHH0-00RC-921F-00000-00&context=1516831
2.02E+16,Defending Champion Rubin Adances in Tasmanian Tennis,Defending Champion Rubin Adances in Tasmanian Tennis American|Australian,Entertainment,,2000-01-11T00:00:00Z,BulkLexisNexis,"Kingdom of Spain, Spain|Republic of France, France|Commonwealth of Australia, Australia|Romania",American|Australian,Untied States|Romania|Australia|France|Hobart|Spain,https://advance.lexis.com/api/document?collection=News&id=urn:contentItem:3Y9T-RHH0-00RC-921G-00000-00&context=1516831
2.02E+16,Dollarization Viewed as Cure for Ecuador's Economy,Dollarization Viewed as Cure for Ecuador's Economy Latin,Economy,,2000-01-11T00:00:00Z,BulkLexisNexis,"United States|Republic of Ecuador, Ecuador",Latin,Ecuador|U.S.|Latin America,https://advance.lexis.com/api/document?collection=News&id=urn:contentItem:3Y9T-RHH0-00RC-921H-00000-00&context=1516831
2.02E+16,"EU, Japan Call For Early New Round of WTO Talks","EU, Japan Call For Early New Round of WTO Talks EU|WTO|The European Union|Japan Joint Statement|European Commission|World Trade Organization|European|Japanese|European Union",Politics,,2000-01-11T00:00:00Z,BulkLexisNexis,Japan,EU|WTO|The European Union|Japan Joint Statement|European Commission|World Trade Organization|European|Japanese|European Union,Japan,https://advance.lexis.com/api/document?collection=News&id=urn:contentItem:3Y9T-RHH0-00RC-921J-00000-00&context=1516831
2.02E+16,"EU, Japan to Cooperate in New WTO Round","EU, Japan to Cooperate in New WTO Round EU|WTO|Trade and Industry|European Union|World Trade Organization|Konos|European|Japanese",Politics,,2000-01-11T00:00:00Z,BulkLexisNexis,Japan|United States,EU|WTO|Trade and Industry|European Union|World Trade Organization|Konos|European|Japanese,Brussels|U.S.|Seattle|Japan|Fukaya,https://advance.lexis.com/api/document?collection=News&id=urn:contentItem:3Y9T-RHH0-00RC-921K-00000-00&context=1516831
2.02E+16,East China Zone Encourages High-Tech Industries,East China Zone Encourages High-Tech Industries Ningbo Economic and Technological Development Zone|NETDZ|State Council,Economy,,2000-01-11T00:00:00Z,BulkLexisNexis,"Japan|People's Republic of China, China|United States|Republic of Singapore, Singapore",Ningbo Economic and Technological Development Zone|NETDZ|State Council,Singapore|U.S.|United States|China|Japan|Zhejiang Province,https://advance.lexis.com/api/document?collection=News&id=urn:contentItem:3Y9T-RHH0-00RC-921M-00000-00&context=1516831
2.02E+16,Egypt to Compensate Victims of Religious Violence,Egypt to Compensate Victims of Religious Violence People 's Assembly|Social Affairs Committee|Social Affairs Ministry|Minority|Coptic Christian|Christian|Muslim,Conflict,,2000-01-11T00:00:00Z,BulkLexisNexis,"Arab Republic of Egypt, Egypt|United States",People 's Assembly|Social Affairs Committee|Social Affairs Ministry|Minority|Coptic Christian|Christian|Muslim,U.S.|Cairo|Egypt,https://advance.lexis.com/api/document?collection=News&id=urn:contentItem:3Y9T-RHH0-00RC-921N-00000-00&context=1516831
2.02E+16,Embargo Kills 1.2 Million Iraqi Children: Minister,Embargo Kills 1.2 Million Iraqi Children: Minister U.N. Sanctions Committee|U.N.|Iraqi News Agency|British|Iraqi,Conflict,,2000-01-11T00:00:00Z,BulkLexisNexis,"State of Kuwait, Kuwait|Republic of Iraq, Iraq|United States",U.N. Sanctions Committee|U.N.|Iraqi News Agency|British|Iraqi,U.S.|Baghdad|Iraq|Kuwait,https://advance.lexis.com/api/document?collection=News&id=urn:contentItem:3Y9T-RHH0-00RC-921P-00000-00&context=1516831
2.02E+16,English F.A. Look Into New Technology,English F.A. Look Into New Technology Wolves|The Football Association of England|Sheffield Wednesday|FA,Entertainment,,2000-01-11T00:00:00Z,BulkLexisNexis,,Wolves|The Football Association of England|Sheffield Wednesday|FA,England,https://advance.lexis.com/api/document?collection=News&id=urn:contentItem:3Y9T-RHH0-00RC-921S-00000-00&context=1516831
2.02E+16,Enhancing US-China Understanding Accords with Common Interests,Enhancing US-China Understanding Accords with Common Interests NCUSCR|Xinhua|Johns Hopkins University|World Bank|National Committee|Chinese,Politics,,2000-01-11T00:00:00Z,BulkLexisNexis,"People's Republic of China, China|United States",NCUSCR|Xinhua|Johns Hopkins University|World Bank|National Committee|Chinese,Beijing|U.S.|United States|China,https://advance.lexis.com/api/document?collection=News&id=urn:contentItem:3Y9T-RHH0-00RC-921T-00000-00&context=1516831
2.02E+16,Envoys of New Zealand and Guatemala Renamed Coordinator on Millennium Summit,Envoys of New Zealand and Guatemala Renamed Coordinator on Millennium Summit United Nations|General Assembly|Millennium Summit|Millennium Assembly|U.N.|Namibian,Politics,,2000-01-11T00:00:00Z,BulkLexisNexis,"Republic of Guatemala, Guatemala|New Zealand",United Nations|General Assembly|Millennium Summit|Millennium Assembly|U.N.|Namibian,New Zealand|Guatemala|Millennium Summit,https://advance.lexis.com/api/document?collection=News&id=urn:contentItem:3Y9T-RHH0-00RC-921V-00000-00&context=1516831
2.02E+16,Estrada Not to Abandon Charter Change Totally,Estrada Not to Abandon Charter Change Totally Congress|Social Weather Station|Catholic Church|Catholic,Local,,2000-01-11T00:00:00Z,BulkLexisNexis,,Congress|Social Weather Station|Catholic Church|Catholic,Manila|Constitution,https://advance.lexis.com/api/document?collection=News&id=urn:contentItem:3Y9T-RHH0-00RC-921W-00000-00&context=1516831
2.02E+16,Ethiopia Vows to Stand Against External Pressure,Ethiopia Vows to Stand Against External Pressure Foreign Affairs|Washington Post|Organization of African Unity|OAU|Peoples|Foreign Relations Committee of the U.S. Congress|House|Eritrean|Ethiopian|African,Politics,,2000-01-11T00:00:00Z,BulkLexisNexis,"Federal Democratic Republic of Ethiopia, Ethiopia|United States|State of Eritrea, Eritrea",Foreign Affairs|Washington Post|Organization of African Unity|OAU|Peoples|Foreign Relations Committee of the U.S. Congress|House|Eritrean|Ethiopian|African,Eritrea|United States|Ethiopia,https://advance.lexis.com/api/document?collection=News&id=urn:contentItem:3Y9T-RHH0-00RC-921X-00000-00&context=1516831
2.02E+16,"Ethiopia to Survey Child Birth, Mortality Rates","Ethiopia to Survey Child Birth, Mortality Rates United Nations Children 's Fund|Central Statistics Authority|United Nations",Local,,2000-01-11T00:00:00Z,BulkLexisNexis,"Federal Democratic Republic of Ethiopia, Ethiopia",United Nations Children 's Fund|Central Statistics Authority|United Nations,Ethiopia|Horn of Africa,https://advance.lexis.com/api/document?collection=News&id=urn:contentItem:3Y9T-RHH0-00RC-921Y-00000-00&context=1516831
2.02E+16,FIBA Signs New EuroLeague Marketing Deal,FIBA Signs New EuroLeague Marketing Deal ISL Worldwide|International Basketball Federation|FIBA,Entertainment,,2000-01-11T00:00:00Z,BulkLexisNexis,"Switzerland|Hellenic Republic, Greece",ISL Worldwide|International Basketball Federation|FIBA,Greece|Europe|Lucerne|Switzerland,https://advance.lexis.com/api/document?collection=News&id=urn:contentItem:3Y9T-RHH0-00RC-9220-00000-00&context=1516831
2.02E+16,FM Spokesman on Iraqi Deputy PM's China Visit,FM Spokesman on Iraqi Deputy PM's China Visit United Nations Security Council|Security Council|United Nations|Foreign Ministry|UN Security Council|Chinese|Iraqi,Politics,,2000-01-11T00:00:00Z,BulkLexisNexis,"Republic of Iraq, Iraq|People's Republic of China, China",United Nations Security Council|Security Council|United Nations|Foreign Ministry|UN Security Council|Chinese|Iraqi,Beijing|China|Iraq,https://advance.lexis.com/api/document?collection=News&id=urn:contentItem:3Y9T-RHH0-00RC-9221-00000-00&context=1516831
2.02E+16,FM Spokesman: DPRK Sneakers into China to be Dealt With According to Law,FM Spokesman: DPRK Sneakers into China to be Dealt With According to Law DPRK|Foreign Ministry|Democratic People 's Republic of Korea|Chinese|Korean,Politics,,2000-01-11T00:00:00Z,BulkLexisNexis,"Russian Federation, Russia|People's Republic of China, China",DPRK|Foreign Ministry|Democratic People 's Republic of Korea|Chinese|Korean,DPRK|China|Korean Peninsula|Russia,https://advance.lexis.com/api/document?collection=News&id=urn:contentItem:3Y9T-RHH0-00RC-9222-00000-00&context=1516831
2.02E+16,Filipino Families Displaced in Military-Rebel Clashes,Filipino Families Displaced in Military-Rebel Clashes Philippine News Agency|PNA|MILF|Moro Islamic Liberation Front|Philippine Air Force|Rebels|Muslim,Conflict,,2000-01-11T00:00:00Z,BulkLexisNexis,"Republic of the Philippines, Philippines",Philippine News Agency|PNA|MILF|Moro Islamic Liberation Front|Philippine Air Force|Rebels|Muslim,Cotabato City|Talayan|Philippines|Shariff Aguak,https://advance.lexis.com/api/document?collection=News&id=urn:contentItem:3Y9T-RHH0-00RC-9223-00000-00&context=1516831
2.02E+16,France Suspends Part of Military Cooperation With Cote d'Ivoire,France Suspends Part of Military Cooperation With Cote d'Ivoire Foreign Ministry|French|Junta|African,Conflict,,2000-01-11T00:00:00Z,BulkLexisNexis,"Republic of France, France|Republic of Cote d'Ivoire, Ivory Coast",Foreign Ministry|French|Junta|African,Cote d'Ivoire|France,https://advance.lexis.com/api/document?collection=News&id=urn:contentItem:3Y9T-RHH0-00RC-9224-00000-00&context=1516831
2.02E+16,France Warns Dakar Auto Rally Against Terrorist Attack in Niger,France Warns Dakar Auto Rally Against Terrorist Attack in Niger Foreign Ministry|French|Terrorists,Conflict,,2000-01-11T00:00:00Z,BulkLexisNexis,"Libya|Republic of Niger, Niger",Foreign Ministry|French|Terrorists,Dirkou|Tenere|Agades|Dakar|Niamey|Niger|Cairo|Zinder|Libya|Paris,https://advance.lexis.com/api/document?collection=News&id=urn:contentItem:3Y9T-RHH0-00RC-9225-00000-00&context=1516831
2.02E+16,France Warns Dakar Rally Against Terrorist Attack in Niger,France Warns Dakar Rally Against Terrorist Attack in Niger Foreign Ministry|French|Terrorists,Conflict,,2000-01-11T00:00:00Z,BulkLexisNexis,"Libya|Republic of Niger, Niger",Foreign Ministry|French|Terrorists,Dirkou|Tenere|Agades|Dakar|Niamey|Niger|Cairo|Zinder|Libya|Paris,https://advance.lexis.com/api/document?collection=News&id=urn:contentItem:3Y9T-RHH0-00RC-9226-00000-00&context=1516831
2.02E+16,Frazier Wins Second Round Match in Tasmanian Tennis,Frazier Wins Second Round Match in Tasmanian Tennis Tasmanian International|Romanian|Belgian,Entertainment,,2000-01-11T00:00:00Z,BulkLexisNexis,"Kingdom of Spain, Spain|Republic of France, France|Commonwealth of Australia, Australia|State of Israel, Israel|United States",Tasmanian International|Romanian|Belgian,United States|Israel|Australia|France|Hobart|Spain,https://advance.lexis.com/api/document?collection=News&id=urn:contentItem:3Y9T-RHH0-00RC-9227-00000-00&context=1516831
2.02E+16,French Defense Minister Says France Backs Plan to Arrest Karadzic,French Defense Minister Says France Backs Plan to Arrest Karadzic United Nations Security Council|International Tribunal|Hague|NATO|French|Serbian|Bosnian Serbs|United Nations,Conflict,,2000-01-11T00:00:00Z,BulkLexisNexis,"Republic of France, France|Federal Republic of Yugoslavia|Bosnia and Herzegovina",United Nations Security Council|International Tribunal|Hague|NATO|French|Serbian|Bosnian Serbs|United Nations,Bosnia|Yugoslavia|France|Pale,https://advance.lexis.com/api/document?collection=News&id=urn:contentItem:3Y9T-RHH0-00RC-9228-00000-00&context=1516831
2.02E+16,French FM to Visit Egypt on Saturday,French FM to Visit Egypt on Saturday News Agency|Israeli|French|Palestinian,Politics,,2000-01-11T00:00:00Z,BulkLexisNexis,"Syrian Arab Republic, Syria|State of Israel, Israel|Arab Republic of Egypt, Egypt",News Agency|Israeli|French|Palestinian,Middle East|Cairo|Egypt|Israel|Syria,https://advance.lexis.com/api/document?collection=News&id=urn:contentItem:3Y9T-RHH0-00RC-9229-00000-00&context=1516831
2.02E+16,French Foreign Minister to Visit Egypt on Mideast Peace,French Foreign Minister to Visit Egypt on Mideast Peace Foreign Ministry|Israeli|French|Palestinian,Politics,,2000-01-11T00:00:00Z,BulkLexisNexis,"Syrian Arab Republic, Syria|State of Israel, Israel|Arab Republic of Egypt, Egypt",Foreign Ministry|Israeli|French|Palestinian,Middle East|West Bank|Egypt|Israel|Syria|Washington,https://advance.lexis.com/api/document?collection=News&id=urn:contentItem:3Y9T-RHH0-00RC-922B-00000-00&context=1516831
2.02E+16,French Minister to Tour Africa in Support of Lusaka Truce Agreement,French Minister to Tour Africa in Support of Lusaka Truce Agreement Cooperation|Foreign Ministry|U.N.|French|Rebels|Bakongo,Politics,,2000-01-11T00:00:00Z,BulkLexisNexis,"Republic of the Congo|Republic of Zambia, Zambia|Republic of Zimbabwe, Zimbabwe|Republic of Uganda, Uganda|Republic of Rwanda, Rwanda|United Republic of Tanzania, Tanzania|Republic of Namibia, Namibia|Democratic Republic of the Congo|Republic of Angola, Angola",Cooperation|Foreign Ministry|U.N.|French|Rebels|Bakongo,Angola|Democratic Republic of Congo|Kigali|Namibia|Tanzania|Rwanda|Uganda|Zimbabwe|Zambia|Lusaka|Congo,https://advance.lexis.com/api/document?collection=News&id=urn:contentItem:3Y9T-RHH0-00RC-922C-00000-00&context=1516831
2.02E+16,GEC Singapore Headquarters to Move to Shanghai,GEC Singapore Headquarters to Move to Shanghai GEC Singapore|Singaporean|Asian,Economy,,2000-01-11T00:00:00Z,BulkLexisNexis,"People's Republic of China, China|United States",GEC Singapore|Singaporean|Asian,Pudong New Area|Co.|U.S.|Asia|Shanghai|China|Pudong|East China,https://advance.lexis.com/api/document?collection=News&id=urn:contentItem:3Y9T-RHH0-00RC-922D-00000-00&context=1516831
2.02E+16,German Women Allowed to Serve Under Arms,German Women Allowed to Serve Under Arms National Defense|Equal Treatment Directive|European Court of Justice|Bundeswehr|European Communities|German|European,Local,,2000-01-11T00:00:00Z,BulkLexisNexis,"Federal Republic of Germany, Germany|Repubblica Italiana, Italy|Grand Duchy of Luxembourg, Luxembourg",National Defense|Equal Treatment Directive|European Court of Justice|Bundeswehr|European Communities|German|European,Rome|Hannover|Luxembourg|Italy|Germany,https://advance.lexis.com/api/document?collection=News&id=urn:contentItem:3Y9T-RHH0-00RC-922G-00000-00&context=1516831
2.02E+16,Germany Achieves Record Level in Foreign Trade,Germany Achieves Record Level in Foreign Trade EU|Federal Statistics Office|German,Economy,,2000-01-11T00:00:00Z,BulkLexisNexis,,EU|Federal Statistics Office|German,Wiesbaden,https://advance.lexis.com/api/document?collection=News&id=urn:contentItem:3Y9T-RHH0-00RC-922H-00000-00&context=1516831
2.02E+16,Globe-trotting Milutinovic to Coach Chinese National Squad,Globe-trotting Milutinovic to Coach Chinese National Squad Chinese Football Association|CAF|Yugoslavs|Chinese,Entertainment,,2000-01-11T00:00:00Z,BulkLexisNexis,"Federal Republic of Germany, Germany|People's Republic of China, China",Chinese Football Association|CAF|Yugoslavs|Chinese,China|Germany|Sydney,https://advance.lexis.com/api/document?collection=News&id=urn:contentItem:3Y9T-RHH0-00RC-922J-00000-00&context=1516831
2.02E+16,"Gold Holds Steady, Silver Up in India","Gold Holds Steady, Silver Up in India ",Economy,,2000-01-11T00:00:00Z,BulkLexisNexis,United States,,U.S.|Bombay|Mumbai,https://advance.lexis.com/api/document?collection=News&id=urn:contentItem:3Y9T-RHH0-00RC-922K-00000-00&context=1516831
2.02E+16,Gold Price in Hong Kong Up,Gold Price in Hong Kong Up Po Sang Bank,Economy,,2000-01-11T00:00:00Z,BulkLexisNexis,"Hong Kong Special Administrative Region, Hong Kong|United States",Po Sang Bank,HK|U.S.|Hong Kong,https://advance.lexis.com/api/document?collection=News&id=urn:contentItem:3Y9T-RHH0-00RC-922M-00000-00&context=1516831
2.02E+16,Greece Successfully Auctions 20-Year Bond Issue,Greece Successfully Auctions 20-Year Bond Issue ANA|Athens News Agency|Greek,Economy,,2000-01-11T00:00:00Z,BulkLexisNexis,"United States|Hellenic Republic, Greece",ANA|Athens News Agency|Greek,Greece|U.S.,https://advance.lexis.com/api/document?collection=News&id=urn:contentItem:3Y9T-RHH0-00RC-922N-00000-00&context=1516831
2.02E+16,Greek Foreign Minister Visits Cyprus,Greek Foreign Minister Visits Cyprus EU|European Union|United Nations|EU Helsinki|U.N.|European|Cypriot|Greek,Politics,,2000-01-11T00:00:00Z,BulkLexisNexis,"Republic of Cyprus, Cyprus",EU|European Union|United Nations|EU Helsinki|U.N.|European|Cypriot|Greek,New York|Turkey|Cyprus|Geneva|Athens,https://advance.lexis.com/api/document?collection=News&id=urn:contentItem:3Y9T-RHH0-00RC-922P-00000-00&context=1516831
2.02E+16,"Greek, Italian Premiers Back Lifting of Embargo On Serbia","Greek, Italian Premiers Back Lifting of Embargo On Serbia EU|European Union|Stability Pact|Italian|Opposition|Serbian|European|Greek",Economy,,2000-01-11T00:00:00Z,BulkLexisNexis,"Serbia|Repubblica Italiana, Italy|United States|Hellenic Republic, Greece",EU|European Union|Stability Pact|Italian|Opposition|Serbian|European|Greek,Greece|Balkan|U.S.|Italy|Ancona|Serbia|Balkans|Adriatic Sea,https://advance.lexis.com/api/document?collection=News&id=urn:contentItem:3Y9T-RHH0-00RC-922R-00000-00&context=1516831
